brand_id,brand_name,category,snapshot_quarter,p_adopt,predicted_spend_90d_inr,expected_value_inr,priority
B0130,Willowmere A130,Personal Care,2026Q2,0.8028,714026.0,573220.0,1
B0181,Brightleaf Z181,Household Care,2026Q2,0.4799,807792.0,387659.0,1
B0559,Vitalis N559,Household Care,2026Q2,0.7438,491960.0,365920.0,1
B0490,Willowmere W490,Packaged Foods,2026Q2,0.5715,636800.0,363931.0,1
B0297,Lumen L297,Beverages,2026Q2,0.517,500628.0,258825.0,1
B0256,Brightleaf W256,Packaged Foods,2026Q2,0.5909,426258.0,251876.0,1
B1176,Purely G1176,Snacks & Confectionery,2026Q2,0.4069,549375.0,223541.0,3
B1079,Quillvale N1079,Personal Care,2026Q2,0.2869,609463.0,174855.0,3
B0982,Urbanbox U982,Personal Care,2026Q2,0.2679,614840.0,164716.0,3
B1005,Novara R1005,Personal Care,2026Q2,0.3539,418331.0,148047.0,3
B1023,Sunbeam J1023,Packaged Foods,2026Q2,0.3546,403675.0,143143.0,3
B0651,Purely B651,Packaged Foods,2026Q2,0.4091,345548.0,141364.0,3
B0998,Marigold K998,Household Care,2026Q2,0.3335,399345.0,133182.0,3
B0292,Urbanbox G292,Baby Care,2026Q2,0.2673,401860.0,107417.0,3
B0782,Kindroot C782,Household Care,2026Q2,0.2872,332676.0,95545.0,3
B0840,Novara I840,Pet Supplies,2026Q2,0.331,260065.0,86082.0,3
B1025,Harvesta L1025,Packaged Foods,2026Q2,0.3263,233755.0,76274.0,3
B0741,Purely N741,Beverages,2026Q2,0.2854,233168.0,66546.0,3
B0358,Amberly U358,Personal Care,2026Q2,0.3139,203126.0,63761.0,3
B0145,Willowmere P145,Beverages,2026Q2,0.2545,207510.0,52811.0,3
B0951,Purely P951,Pet Supplies,2026Q2,0.3214,131841.0,42374.0,3
B0384,Cobalt U384,Pet Supplies,2026Q2,0.1851,452769.0,83808.0,4
B0407,Kindroot R407,Personal Care,2026Q2,0.1955,425938.0,83271.0,4
B0805,Willowmere Z805,Snacks & Confectionery,2026Q2,0.1303,449139.0,58523.0,4
B1057,Urbanbox R1057,Packaged Foods,2026Q2,0.1328,430130.0,57121.0,4
B1093,Amberly B1093,Packaged Foods,2026Q2,0.1009,545639.0,55055.0,4
B0609,Cobalt L609,Packaged Foods,2026Q2,0.1268,391709.0,49669.0,4
B0376,Brightleaf M376,Personal Care,2026Q2,0.1387,357922.0,49644.0,4
B0745,Willowmere R745,Beverages,2026Q2,0.0897,519210.0,46573.0,4
B0463,Amberly V463,Beverages,2026Q2,0.0913,433334.0,39563.0,4
B0346,Brightleaf I346,Packaged Foods,2026Q2,0.1448,266205.0,38546.0,4
B0011,Terrafine L11,Otc & Wellness,2026Q2,0.0989,376562.0,37242.0,4
B1050,Novara K1050,Beverages,2026Q2,0.1394,265069.0,36951.0,4
B0198,Sunbeam Q198,Personal Care,2026Q2,0.1277,278939.0,35621.0,4
B0311,Terrafine Z311,Beverages,2026Q2,0.1685,209927.0,35373.0,4
B0880,Willowmere W880,Snacks & Confectionery,2026Q2,0.0748,470083.0,35162.0,4
B0797,Kindroot R797,Beverages,2026Q2,0.0841,398475.0,33512.0,4
B0617,Kindroot T617,Personal Care,2026Q2,0.0619,526875.0,32614.0,4
B0959,Quillvale X959,Packaged Foods,2026Q2,0.106,302967.0,32115.0,4
B0634,Vitalis K634,Packaged Foods,2026Q2,0.0517,592061.0,30610.0,4
B0596,Terrafine Y596,Pet Supplies,2026Q2,0.1449,189491.0,27457.0,4
B0132,Lumen C132,Packaged Foods,2026Q2,0.1267,209439.0,26536.0,4
B0192,Lumen K192,Beverages,2026Q2,0.1192,215357.0,25671.0,4
B0048,Sunbeam W48,Household Care,2026Q2,0.039,652783.0,25459.0,4
B0548,Marigold C548,Snacks & Confectionery,2026Q2,0.0826,294163.0,24298.0,4
B0453,Sunbeam L453,Beverages,2026Q2,0.0708,322955.0,22865.0,4
B0464,Quillvale W464,Packaged Foods,2026Q2,0.0586,389939.0,22850.0,4
B0092,Kindroot O92,Pet Supplies,2026Q2,0.0758,296899.0,22505.0,4
B0323,Marigold L323,Packaged Foods,2026Q2,0.0709,316794.0,22461.0,4
B0864,Cobalt G864,Packaged Foods,2026Q2,0.0378,551391.0,20843.0,4
B0602,Kindroot E602,Beverages,2026Q2,0.0788,258571.0,20375.0,4
B1127,Kindroot J1127,Otc & Wellness,2026Q2,0.0649,288995.0,18756.0,4
B0381,Purely R381,Baby Care,2026Q2,0.0394,475996.0,18754.0,4
B0512,Kindroot S512,Packaged Foods,2026Q2,0.0995,184391.0,18347.0,4
B0637,Urbanbox N637,Personal Care,2026Q2,0.0604,301742.0,18225.0,4
B0270,Novara K270,Packaged Foods,2026Q2,0.1009,170195.0,17173.0,4
B1041,Purely B1041,Beverages,2026Q2,0.0741,222600.0,16495.0,4
B0830,Harvesta Y830,Packaged Foods,2026Q2,0.0305,518032.0,15800.0,4
B0388,Amberly Y388,Beverages,2026Q2,0.04,369663.0,14787.0,4
B0756,Purely C756,Beverages,2026Q2,0.0371,351770.0,13051.0,4
B0240,Novara G240,Packaged Foods,2026Q2,0.0293,430408.0,12611.0,4
B0577,Urbanbox F577,Packaged Foods,2026Q2,0.048,256431.0,12309.0,4
B0172,Urbanbox Q172,Personal Care,2026Q2,0.0394,310878.0,12249.0,4
B1085,Harvesta T1085,Baby Care,2026Q2,0.0391,305196.0,11933.0,4
B0696,Purely U696,Baby Care,2026Q2,0.0555,195511.0,10851.0,4
B0119,Quillvale P119,Beverages,2026Q2,0.0379,274450.0,10402.0,4
B0328,Amberly Q328,Household Care,2026Q2,0.0381,264135.0,10064.0,4
B1199,Quillvale D1199,Beverages,2026Q2,0.0547,180501.0,9873.0,4
B1052,Kindroot M1052,Otc & Wellness,2026Q2,0.0347,263777.0,9153.0,4
B0843,Sunbeam L843,Snacks & Confectionery,2026Q2,0.0408,219421.0,8952.0,4
B0040,Willowmere O40,Otc & Wellness,2026Q2,0.028,306285.0,8576.0,4
B0676,Brightleaf A676,Personal Care,2026Q2,0.0457,184727.0,8442.0,4
B0704,Quillvale C704,Packaged Foods,2026Q2,0.0166,468257.0,7773.0,4
B0263,Marigold D263,Household Care,2026Q2,0.0286,268428.0,7677.0,4
B0888,Sunbeam E888,Packaged Foods,2026Q2,0.0403,180386.0,7270.0,4
B0250,Willowmere Q250,Packaged Foods,2026Q2,0.04,168192.0,6728.0,4
B0012,Lumen M12,Personal Care,2026Q2,0.0305,218928.0,6677.0,4
B0073,Amberly V73,Pet Supplies,2026Q2,0.0195,324643.0,6331.0,4
B1011,Purely X1011,Personal Care,2026Q2,0.0201,314871.0,6329.0,4
B0937,Urbanbox B937,Personal Care,2026Q2,0.0149,415304.0,6188.0,4
B0798,Sunbeam S798,Household Care,2026Q2,0.0146,421253.0,6150.0,4
B1008,Sunbeam U1008,Packaged Foods,2026Q2,0.0253,212313.0,5372.0,4
B0547,Urbanbox B547,Beverages,2026Q2,0.0185,282748.0,5231.0,4
B0748,Amberly U748,Personal Care,2026Q2,0.019,262485.0,4987.0,4
B0767,Kindroot N767,Beverages,2026Q2,0.0259,181435.0,4699.0,4
B0502,Urbanbox I502,Beverages,2026Q2,0.0119,393875.0,4687.0,4
B0389,Quillvale Z389,Packaged Foods,2026Q2,0.0122,376310.0,4591.0,4
B0354,Cobalt Q354,Snacks & Confectionery,2026Q2,0.0093,488460.0,4543.0,4
B1149,Cobalt F1149,Beverages,2026Q2,0.029,149869.0,4346.0,4
B0254,Quillvale U254,Packaged Foods,2026Q2,0.017,230045.0,3911.0,4
B1159,Vitalis P1159,Packaged Foods,2026Q2,0.0117,316970.0,3709.0,4
B0886,Brightleaf C886,Packaged Foods,2026Q2,0.0131,265876.0,3483.0,4
B0993,Sunbeam F993,Packaged Foods,2026Q2,0.0142,238222.0,3383.0,4
B0106,Brightleaf C106,Personal Care,2026Q2,0.0174,193542.0,3368.0,4
B0542,Kindroot W542,Packaged Foods,2026Q2,0.0172,195248.0,3358.0,4
B0415,Willowmere Z415,Packaged Foods,2026Q2,0.0154,217411.0,3348.0,4
B0810,Novara E810,Snacks & Confectionery,2026Q2,0.0174,183413.0,3191.0,4
B0166,Brightleaf K166,Otc & Wellness,2026Q2,0.0182,174636.0,3178.0,4
B0154,Vitalis Y154,Packaged Foods,2026Q2,0.0126,250758.0,3160.0,4
B1182,Lumen M1182,Beverages,2026Q2,0.0157,200464.0,3147.0,4
B0564,Cobalt S564,Packaged Foods,2026Q2,0.0193,162680.0,3140.0,4
B0331,Brightleaf T331,Packaged Foods,2026Q2,0.016,191359.0,3062.0,4
B0050,Harvesta Y50,Packaged Foods,2026Q2,0.0115,256653.0,2952.0,4
B0828,Sunbeam W828,Snacks & Confectionery,2026Q2,0.0188,152206.0,2861.0,4
B0219,Cobalt L219,Beverages,2026Q2,0.0095,300548.0,2855.0,4
B1062,Lumen W1062,Beverages,2026Q2,0.0219,129184.0,2829.0,4
B0391,Brightleaf B391,Packaged Foods,2026Q2,0.0142,193775.0,2752.0,4
B0891,Purely H891,Packaged Foods,2026Q2,0.0132,199129.0,2629.0,4
B0604,Vitalis G604,Beverages,2026Q2,0.0096,255158.0,2450.0,4
B0932,Kindroot W932,Personal Care,2026Q2,0.0111,203225.0,2256.0,4
B0318,Sunbeam G318,Personal Care,2026Q2,0.0112,199197.0,2231.0,4
B1003,Amberly P1003,Baby Care,2026Q2,0.0082,271103.0,2223.0,4
B0652,Urbanbox C652,Packaged Foods,2026Q2,0.0078,274664.0,2142.0,4
B0962,Kindroot A962,Beverages,2026Q2,0.0059,361612.0,2134.0,4
B0469,Vitalis B469,Personal Care,2026Q2,0.0075,270551.0,2029.0,4
B0720,Novara S720,Packaged Foods,2026Q2,0.0237,80529.0,1909.0,4
B0402,Lumen M402,Packaged Foods,2026Q2,0.0129,145299.0,1874.0,4
B0169,Vitalis N169,Packaged Foods,2026Q2,0.0089,172391.0,1534.0,4
B0422,Kindroot G422,Household Care,2026Q2,0.0046,321707.0,1480.0,4
B0255,Novara V255,Packaged Foods,2026Q2,0.0114,128245.0,1462.0,4
B0466,Brightleaf Y466,Packaged Foods,2026Q2,0.0071,195564.0,1389.0,4
B0719,Quillvale R719,Packaged Foods,2026Q2,0.0064,202850.0,1298.0,4
B0562,Urbanbox Q562,Beverages,2026Q2,0.0138,91600.0,1264.0,4
B0752,Kindroot Y752,Pet Supplies,2026Q2,0.0087,134344.0,1169.0,4
B0902,Kindroot S902,Snacks & Confectionery,2026Q2,0.0067,171372.0,1148.0,4
B0546,Purely A546,Packaged Foods,2026Q2,0.006,172449.0,1035.0,4
B0608,Marigold K608,Beverages,2026Q2,0.0068,149582.0,1017.0,4
B1102,Urbanbox K1102,Beverages,2026Q2,0.0061,161090.0,983.0,4
B0067,Urbanbox P67,Packaged Foods,2026Q2,0.0038,253141.0,962.0,4
B0479,Quillvale L479,Packaged Foods,2026Q2,0.0093,97806.0,910.0,4
B0730,Willowmere C730,Beverages,2026Q2,0.003,294597.0,884.0,4
B0914,Quillvale E914,Snacks & Confectionery,2026Q2,0.007,125918.0,881.0,4
B0624,Cobalt A624,Beverages,2026Q2,0.0068,129019.0,877.0,4
B0461,Terrafine T461,Packaged Foods,2026Q2,0.0066,131122.0,865.0,4
B0060,Novara I60,Otc & Wellness,2026Q2,0.0042,194675.0,818.0,4
B0920,Harvesta K920,Beverages,2026Q2,0.0028,283580.0,794.0,4
B0268,Amberly I268,Beverages,2026Q2,0.005,158371.0,792.0,4
B1013,Marigold Z1013,Otc & Wellness,2026Q2,0.006,129685.0,778.0,4
B0136,Brightleaf G136,Packaged Foods,2026Q2,0.0046,168959.0,777.0,4
B0411,Purely V411,Packaged Foods,2026Q2,0.0033,224609.0,741.0,4
B0899,Quillvale P899,Packaged Foods,2026Q2,0.0047,155421.0,730.0,4
B0177,Lumen V177,Packaged Foods,2026Q2,0.0067,108733.0,729.0,4
B1045,Willowmere F1045,Packaged Foods,2026Q2,0.0033,220061.0,726.0,4
B0235,Willowmere B235,Packaged Foods,2026Q2,0.0027,254111.0,686.0,4
B0353,Marigold P353,Packaged Foods,2026Q2,0.0057,114323.0,652.0,4
B0869,Quillvale L869,Personal Care,2026Q2,0.0039,166952.0,651.0,4
B0549,Cobalt D549,Beverages,2026Q2,0.0085,76525.0,650.0,4
B1195,Willowmere Z1195,Packaged Foods,2026Q2,0.0035,169457.0,593.0,4
B0234,Cobalt A234,Baby Care,2026Q2,0.0033,177446.0,586.0,4
B0416,Terrafine A416,Packaged Foods,2026Q2,0.0024,224996.0,540.0,4
B0180,Novara Y180,Packaged Foods,2026Q2,0.0025,205713.0,514.0,4
B0584,Quillvale M584,Snacks & Confectionery,2026Q2,0.0027,185686.0,501.0,4
B0140,Harvesta K140,Packaged Foods,2026Q2,0.0035,141353.0,495.0,4
B0095,Harvesta R95,Otc & Wellness,2026Q2,0.0022,222986.0,491.0,4
B1022,Kindroot I1022,Packaged Foods,2026Q2,0.0031,155292.0,481.0,4
B0245,Harvesta L245,Baby Care,2026Q2,0.0083,56382.0,468.0,4
B1026,Purely M1026,Baby Care,2026Q2,0.0055,82680.0,455.0,4
B0790,Willowmere K790,Packaged Foods,2026Q2,0.0034,123270.0,419.0,4
B0913,Amberly D913,Otc & Wellness,2026Q2,0.0013,310712.0,404.0,4
B0233,Marigold Z233,Otc & Wellness,2026Q2,0.0017,233557.0,397.0,4
B0963,Sunbeam B963,Baby Care,2026Q2,0.0023,161823.0,372.0,4
B0344,Quillvale G344,Household Care,2026Q2,0.0022,162813.0,358.0,4
B0419,Quillvale D419,Otc & Wellness,2026Q2,0.0022,161900.0,356.0,4
B0755,Harvesta B755,Packaged Foods,2026Q2,0.0025,136955.0,342.0,4
B0034,Vitalis I34,Snacks & Confectionery,2026Q2,0.0013,256536.0,333.0,4
B0003,Sunbeam D3,Personal Care,2026Q2,0.0016,206721.0,331.0,4
B0189,Cobalt H189,Packaged Foods,2026Q2,0.0017,193375.0,329.0,4
B0815,Harvesta J815,Otc & Wellness,2026Q2,0.0018,180536.0,325.0,4
B0096,Purely S96,Baby Care,2026Q2,0.0015,212462.0,319.0,4
B0655,Willowmere F655,Snacks & Confectionery,2026Q2,0.0015,212275.0,318.0,4
B0879,Cobalt V879,Personal Care,2026Q2,0.0018,168338.0,303.0,4
B0193,Amberly L193,Personal Care,2026Q2,0.0048,63005.0,302.0,4
B0315,Novara D315,Baby Care,2026Q2,0.0017,157508.0,268.0,4
B0128,Marigold Y128,Packaged Foods,2026Q2,0.0023,109360.0,252.0,4
B1106,Terrafine O1106,Packaged Foods,2026Q2,0.0019,127247.0,242.0,4
B0687,Lumen L687,Personal Care,2026Q2,0.002,110126.0,220.0,4
B0953,Marigold R953,Personal Care,2026Q2,0.0034,61744.0,210.0,4
B0397,Urbanbox H397,Household Care,2026Q2,0.0017,106678.0,181.0,4
B0372,Lumen I372,Beverages,2026Q2,0.0009,182531.0,164.0,4
B0329,Quillvale R329,Beverages,2026Q2,0.002,77019.0,154.0,4
B0007,Urbanbox H7,Packaged Foods,2026Q2,0.0011,127900.0,141.0,4
B0715,Willowmere N715,Snacks & Confectionery,2026Q2,0.0007,197413.0,138.0,4
B0619,Vitalis V619,Packaged Foods,2026Q2,0.0013,102402.0,133.0,4
B0933,Sunbeam X933,Packaged Foods,2026Q2,0.0008,150912.0,121.0,4
B0519,Cobalt Z519,Beverages,2026Q2,0.0014,75458.0,106.0,4
B0004,Vitalis E4,Beverages,2026Q2,0.0005,202405.0,101.0,4
B0917,Kindroot H917,Personal Care,2026Q2,0.0007,144103.0,101.0,4
B0981,Purely T981,Baby Care,2026Q2,0.0007,143830.0,101.0,4
B0895,Willowmere L895,Packaged Foods,2026Q2,0.0008,112784.0,90.0,4
B0855,Novara X855,Snacks & Confectionery,2026Q2,0.0009,98029.0,88.0,4
B0735,Novara H735,Packaged Foods,2026Q2,0.001,82670.0,83.0,4
B0284,Quillvale Y284,Beverages,2026Q2,0.0006,90455.0,54.0,4
B0739,Vitalis L739,Beverages,2026Q2,0.0005,90175.0,45.0,4
B0722,Kindroot U722,Packaged Foods,2026Q2,0.0006,64227.0,39.0,4
B0860,Harvesta C860,Packaged Foods,2026Q2,0.0008,48668.0,39.0,4
B0876,Purely S876,Packaged Foods,2026Q2,0.0004,78452.0,31.0,4
B0644,Quillvale U644,Packaged Foods,2026Q2,0.0005,58182.0,29.0,4
B0450,Novara I450,Pet Supplies,2026Q2,0.0005,54182.0,27.0,4
B1188,Sunbeam S1188,Packaged Foods,2026Q2,0.0002,123651.0,25.0,4
B0702,Lumen A702,Otc & Wellness,2026Q2,0.0002,80170.0,16.0,4
B0273,Sunbeam N273,Packaged Foods,2026Q2,0.0003,47479.0,14.0,4
